<?xml version="1.0" encoding="UTF-8"?>
<office:document-meta xmlns:office="urn:oasis:names:tc:opendocument:xmlns:office:1.0" xmlns:xlink="http://www.w3.org/1999/xlink" xmlns:dc="http://purl.org/dc/elements/1.1/" xmlns:meta="urn:oasis:names:tc:opendocument:xmlns:meta:1.0" xmlns:ooo="http://openoffice.org/2004/office" xmlns:grddl="http://www.w3.org/2003/g/data-view#" office:version="1.2"><office:meta><dc:date>2012-12-09T13:49:41</dc:date><meta:editing-duration>P0D</meta:editing-duration><meta:editing-cycles>1</meta:editing-cycles><meta:document-statistic meta:table-count="0" meta:image-count="0" meta:object-count="0" meta:page-count="1" meta:paragraph-count="1" meta:word-count="1" meta:character-count="2" meta:non-whitespace-character-count="2"/><meta:generator>LibreOffice/3.5$MacOSX_x86 LibreOffice_project/7122e39-92ed229-498d286-15e43b4-d70da21</meta:generator></office:meta></office:document-meta>