<?xml version="1.0" encoding="UTF-8"?><office:document-content xmlns:office="urn:oasis:names:tc:opendocument:xmlns:office:1.0" xmlns:style="urn:oasis:names:tc:opendocument:xmlns:style:1.0" xmlns:text="urn:oasis:names:tc:opendocument:xmlns:text:1.0" xmlns:table="urn:oasis:names:tc:opendocument:xmlns:table:1.0" xmlns:draw="urn:oasis:names:tc:opendocument:xmlns:drawing:1.0" xmlns:fo="urn:oasis:names:tc:opendocument:xmlns:xsl-fo-compatible:1.0" xmlns:xlink="http://www.w3.org/1999/xlink" xmlns:dc="http://purl.org/dc/elements/1.1/" xmlns:meta="urn:oasis:names:tc:opendocument:xmlns:meta:1.0" xmlns:number="urn:oasis:names:tc:opendocument:xmlns:datastyle:1.0" xmlns:svg="urn:oasis:names:tc:opendocument:xmlns:svg-compatible:1.0" xmlns:chart="urn:oasis:names:tc:opendocument:xmlns:chart:1.0" xmlns:dr3d="urn:oasis:names:tc:opendocument:xmlns:dr3d:1.0" xmlns:math="http://www.w3.org/1998/Math/MathML" xmlns:form="urn:oasis:names:tc:opendocument:xmlns:form:1.0" xmlns:script="urn:oasis:names:tc:opendocument:xmlns:script:1.0" xmlns:ooo="http://openoffice.org/2004/office" xmlns:ooow="http://openoffice.org/2004/writer" xmlns:oooc="http://openoffice.org/2004/calc" xmlns:dom="http://www.w3.org/2001/xml-events" xmlns:xforms="http://www.w3.org/2002/xforms" xmlns:xsd="http://www.w3.org/2001/XMLSchema" xmlns:xsi="http://www.w3.org/2001/XMLSchema-instance" xmlns:rpt="http://openoffice.org/2005/report" xmlns:of="urn:oasis:names:tc:opendocument:xmlns:of:1.2" xmlns:xhtml="http://www.w3.org/1999/xhtml" xmlns:grddl="http://www.w3.org/2003/g/data-view#" xmlns:tableooo="http://openoffice.org/2009/table" xmlns:field="urn:openoffice:names:experimental:ooo-ms-interop:xmlns:field:1.0" xmlns:formx="urn:openoffice:names:experimental:ooxml-odf-interop:xmlns:form:1.0" xmlns:css3t="http://www.w3.org/TR/css3-text/" office:version="1.2"><office:scripts/><office:font-face-decls><style:font-face style:name="Times New Roman1" svg:font-family="&apos;Times New Roman&apos;" style:font-family-generic="roman"/><style:font-face style:name="Times New Roman" svg:font-family="&apos;Times New Roman&apos;" style:font-family-generic="roman" style:font-pitch="variable"/><style:font-face style:name="Arial Unicode MS" svg:font-family="&apos;Arial Unicode MS&apos;" style:font-family-generic="system" style:font-pitch="variable"/><style:font-face style:name="Tahoma" svg:font-family="Tahoma" style:font-family-generic="system" style:font-pitch="variable"/></office:font-face-decls><office:automatic-styles><style:style style:name="P1" style:family="paragraph" style:parent-style-name="Standard"><style:text-properties style:font-name-complex="Times New Roman1"/></style:style>
<style:style style:name="T0" style:family="text"><style:text-properties fo:background-color="#00007f" fo:foreground-color="#000000" style:font-name-complex="Times New Roman1"/></style:style>
<style:style style:name="T1" style:family="text"><style:text-properties fo:background-color="#00007f" fo:foreground-color="#000000" style:font-name-complex="Times New Roman1"/></style:style>
<style:style style:name="T2" style:family="text"><style:text-properties fo:background-color="#00007f" fo:foreground-color="#000000" style:font-name-complex="Times New Roman1"/></style:style>
<style:style style:name="T3" style:family="text"><style:text-properties fo:background-color="#00007f" fo:foreground-color="#000000" style:font-name-complex="Times New Roman1"/></style:style>
<style:style style:name="T4" style:family="text"><style:text-properties fo:background-color="#00007f" fo:foreground-color="#000000" style:font-name-complex="Times New Roman1"/></style:style>
<style:style style:name="T5" style:family="text"><style:text-properties fo:background-color="#00007f" fo:foreground-color="#000000" style:font-name-complex="Times New Roman1"/></style:style>
<style:style style:name="T6" style:family="text"><style:text-properties fo:background-color="#00007f" fo:foreground-color="#000000" style:font-name-complex="Times New Roman1"/></style:style>
<style:style style:name="T7" style:family="text"><style:text-properties fo:background-color="#00007f" fo:foreground-color="#000000" style:font-name-complex="Times New Roman1"/></style:style>
<style:style style:name="T8" style:family="text"><style:text-properties fo:background-color="#00007f" fo:foreground-color="#000000" style:font-name-complex="Times New Roman1"/></style:style>
<style:style style:name="T9" style:family="text"><style:text-properties fo:background-color="#00007f" fo:foreground-color="#000000" style:font-name-complex="Times New Roman1"/></style:style>
<style:style style:name="T10" style:family="text"><style:text-properties fo:background-color="#00007f" fo:foreground-color="#000000" style:font-name-complex="Times New Roman1"/></style:style>
<style:style style:name="T11" style:family="text"><style:text-properties fo:background-color="#0000ff" fo:foreground-color="#000000" style:font-name-complex="Times New Roman1"/></style:style>
<style:style style:name="T12" style:family="text"><style:text-properties fo:background-color="#0000ff" fo:foreground-color="#000000" style:font-name-complex="Times New Roman1"/></style:style>
<style:style style:name="T13" style:family="text"><style:text-properties fo:background-color="#0000ff" fo:foreground-color="#000000" style:font-name-complex="Times New Roman1"/></style:style>
<style:style style:name="T14" style:family="text"><style:text-properties fo:background-color="#0000ff" fo:foreground-color="#000000" style:font-name-complex="Times New Roman1"/></style:style>
<style:style style:name="T15" style:family="text"><style:text-properties fo:background-color="#0000ff" fo:foreground-color="#000000" style:font-name-complex="Times New Roman1"/></style:style>
<style:style style:name="T16" style:family="text"><style:text-properties fo:background-color="#0000ff" fo:foreground-color="#000000" style:font-name-complex="Times New Roman1"/></style:style>
<style:style style:name="T17" style:family="text"><style:text-properties fo:background-color="#0000ff" fo:foreground-color="#000000" style:font-name-complex="Times New Roman1"/></style:style>
<style:style style:name="T18" style:family="text"><style:text-properties fo:background-color="#0000ff" fo:foreground-color="#000000" style:font-name-complex="Times New Roman1"/></style:style>
<style:style style:name="T19" style:family="text"><style:text-properties fo:background-color="#0000ff" fo:foreground-color="#000000" style:font-name-complex="Times New Roman1"/></style:style>
<style:style style:name="T20" style:family="text"><style:text-properties fo:background-color="#0000ff" fo:foreground-color="#000000" style:font-name-complex="Times New Roman1"/></style:style>
<style:style style:name="T21" style:family="text"><style:text-properties fo:background-color="#0000ff" fo:foreground-color="#000000" style:font-name-complex="Times New Roman1"/></style:style>
<style:style style:name="T22" style:family="text"><style:text-properties fo:background-color="#0040bf" fo:foreground-color="#000000" style:font-name-complex="Times New Roman1"/></style:style>
<style:style style:name="T23" style:family="text"><style:text-properties fo:background-color="#0040bf" fo:foreground-color="#000000" style:font-name-complex="Times New Roman1"/></style:style>
<style:style style:name="T24" style:family="text"><style:text-properties fo:background-color="#0040bf" fo:foreground-color="#000000" style:font-name-complex="Times New Roman1"/></style:style>
<style:style style:name="T25" style:family="text"><style:text-properties fo:background-color="#0040bf" fo:foreground-color="#000000" style:font-name-complex="Times New Roman1"/></style:style>
<style:style style:name="T26" style:family="text"><style:text-properties fo:background-color="#0040bf" fo:foreground-color="#000000" style:font-name-complex="Times New Roman1"/></style:style>
<style:style style:name="T27" style:family="text"><style:text-properties fo:background-color="#0040bf" fo:foreground-color="#000000" style:font-name-complex="Times New Roman1"/></style:style>
<style:style style:name="T28" style:family="text"><style:text-properties fo:background-color="#0040bf" fo:foreground-color="#000000" style:font-name-complex="Times New Roman1"/></style:style>
<style:style style:name="T29" style:family="text"><style:text-properties fo:background-color="#0040bf" fo:foreground-color="#000000" style:font-name-complex="Times New Roman1"/></style:style>
<style:style style:name="T30" style:family="text"><style:text-properties fo:background-color="#0040bf" fo:foreground-color="#000000" style:font-name-complex="Times New Roman1"/></style:style>
<style:style style:name="T31" style:family="text"><style:text-properties fo:background-color="#0040bf" fo:foreground-color="#000000" style:font-name-complex="Times New Roman1"/></style:style>
<style:style style:name="T32" style:family="text"><style:text-properties fo:background-color="#007f7f" fo:foreground-color="#000000" style:font-name-complex="Times New Roman1"/></style:style>
<style:style style:name="T33" style:family="text"><style:text-properties fo:background-color="#007f7f" fo:foreground-color="#000000" style:font-name-complex="Times New Roman1"/></style:style>
<style:style style:name="T34" style:family="text"><style:text-properties fo:background-color="#007f7f" fo:foreground-color="#000000" style:font-name-complex="Times New Roman1"/></style:style>
<style:style style:name="T35" style:family="text"><style:text-properties fo:background-color="#007f7f" fo:foreground-color="#000000" style:font-name-complex="Times New Roman1"/></style:style>
<style:style style:name="T36" style:family="text"><style:text-properties fo:background-color="#007f7f" fo:foreground-color="#000000" style:font-name-complex="Times New Roman1"/></style:style>
<style:style style:name="T37" style:family="text"><style:text-properties fo:background-color="#007f7f" fo:foreground-color="#000000" style:font-name-complex="Times New Roman1"/></style:style>
<style:style style:name="T38" style:family="text"><style:text-properties fo:background-color="#007f7f" fo:foreground-color="#000000" style:font-name-complex="Times New Roman1"/></style:style>
<style:style style:name="T39" style:family="text"><style:text-properties fo:background-color="#007f7f" fo:foreground-color="#000000" style:font-name-complex="Times New Roman1"/></style:style>
<style:style style:name="T40" style:family="text"><style:text-properties fo:background-color="#007f7f" fo:foreground-color="#000000" style:font-name-complex="Times New Roman1"/></style:style>
<style:style style:name="T41" style:family="text"><style:text-properties fo:background-color="#007f7f" fo:foreground-color="#000000" style:font-name-complex="Times New Roman1"/></style:style>
<style:style style:name="T42" style:family="text"><style:text-properties fo:background-color="#007f7f" fo:foreground-color="#000000" style:font-name-complex="Times New Roman1"/></style:style>
<style:style style:name="T43" style:family="text"><style:text-properties fo:background-color="#00bf3f" fo:foreground-color="#000000" style:font-name-complex="Times New Roman1"/></style:style>
<style:style style:name="T44" style:family="text"><style:text-properties fo:background-color="#00bf3f" fo:foreground-color="#000000" style:font-name-complex="Times New Roman1"/></style:style>
<style:style style:name="T45" style:family="text"><style:text-properties fo:background-color="#00bf3f" fo:foreground-color="#000000" style:font-name-complex="Times New Roman1"/></style:style>
<style:style style:name="T46" style:family="text"><style:text-properties fo:background-color="#00bf3f" fo:foreground-color="#000000" style:font-name-complex="Times New Roman1"/></style:style>
<style:style style:name="T47" style:family="text"><style:text-properties fo:background-color="#00bf3f" fo:foreground-color="#000000" style:font-name-complex="Times New Roman1"/></style:style>
<style:style style:name="T48" style:family="text"><style:text-properties fo:background-color="#00bf3f" fo:foreground-color="#000000" style:font-name-complex="Times New Roman1"/></style:style>
<style:style style:name="T49" style:family="text"><style:text-properties fo:background-color="#00bf3f" fo:foreground-color="#000000" style:font-name-complex="Times New Roman1"/></style:style>
<style:style style:name="T50" style:family="text"><style:text-properties fo:background-color="#00bf3f" fo:foreground-color="#000000" style:font-name-complex="Times New Roman1"/></style:style>
<style:style style:name="T51" style:family="text"><style:text-properties fo:background-color="#00bf3f" fo:foreground-color="#000000" style:font-name-complex="Times New Roman1"/></style:style>
<style:style style:name="T52" style:family="text"><style:text-properties fo:background-color="#00bf3f" fo:foreground-color="#000000" style:font-name-complex="Times New Roman1"/></style:style>
<style:style style:name="T53" style:family="text"><style:text-properties fo:background-color="#00bf3f" fo:foreground-color="#000000" style:font-name-complex="Times New Roman1"/></style:style>
<style:style style:name="T54" style:family="text"><style:text-properties fo:background-color="#00ff00" fo:foreground-color="#000000" style:font-name-complex="Times New Roman1"/></style:style>
<style:style style:name="T55" style:family="text"><style:text-properties fo:background-color="#00ff00" fo:foreground-color="#000000" style:font-name-complex="Times New Roman1"/></style:style>
<style:style style:name="T56" style:family="text"><style:text-properties fo:background-color="#00ff00" fo:foreground-color="#000000" style:font-name-complex="Times New Roman1"/></style:style>
<style:style style:name="T57" style:family="text"><style:text-properties fo:background-color="#00ff00" fo:foreground-color="#000000" style:font-name-complex="Times New Roman1"/></style:style>
<style:style style:name="T58" style:family="text"><style:text-properties fo:background-color="#00ff00" fo:foreground-color="#000000" style:font-name-complex="Times New Roman1"/></style:style>
<style:style style:name="T59" style:family="text"><style:text-properties fo:background-color="#00ff00" fo:foreground-color="#000000" style:font-name-complex="Times New Roman1"/></style:style>
<style:style style:name="T60" style:family="text"><style:text-properties fo:background-color="#00ff00" fo:foreground-color="#000000" style:font-name-complex="Times New Roman1"/></style:style>
<style:style style:name="T61" style:family="text"><style:text-properties fo:background-color="#00ff00" fo:foreground-color="#000000" style:font-name-complex="Times New Roman1"/></style:style>
<style:style style:name="T62" style:family="text"><style:text-properties fo:background-color="#00ff00" fo:foreground-color="#000000" style:font-name-complex="Times New Roman1"/></style:style>
<style:style style:name="T63" style:family="text"><style:text-properties fo:background-color="#00ff00" fo:foreground-color="#000000" style:font-name-complex="Times New Roman1"/></style:style>
<style:style style:name="T64" style:family="text"><style:text-properties fo:background-color="#3fff00" fo:foreground-color="#000000" style:font-name-complex="Times New Roman1"/></style:style>
<style:style style:name="T65" style:family="text"><style:text-properties fo:background-color="#3fff00" fo:foreground-color="#000000" style:font-name-complex="Times New Roman1"/></style:style>
<style:style style:name="T66" style:family="text"><style:text-properties fo:background-color="#3fff00" fo:foreground-color="#000000" style:font-name-complex="Times New Roman1"/></style:style>
<style:style style:name="T67" style:family="text"><style:text-properties fo:background-color="#3fff00" fo:foreground-color="#000000" style:font-name-complex="Times New Roman1"/></style:style>
<style:style style:name="T68" style:family="text"><style:text-properties fo:background-color="#3fff00" fo:foreground-color="#000000" style:font-name-complex="Times New Roman1"/></style:style>
<style:style style:name="T69" style:family="text"><style:text-properties fo:background-color="#3fff00" fo:foreground-color="#000000" style:font-name-complex="Times New Roman1"/></style:style>
<style:style style:name="T70" style:family="text"><style:text-properties fo:background-color="#3fff00" fo:foreground-color="#000000" style:font-name-complex="Times New Roman1"/></style:style>
<style:style style:name="T71" style:family="text"><style:text-properties fo:background-color="#3fff00" fo:foreground-color="#000000" style:font-name-complex="Times New Roman1"/></style:style>
<style:style style:name="T72" style:family="text"><style:text-properties fo:background-color="#3fff00" fo:foreground-color="#000000" style:font-name-complex="Times New Roman1"/></style:style>
<style:style style:name="T73" style:family="text"><style:text-properties fo:background-color="#3fff00" fo:foreground-color="#000000" style:font-name-complex="Times New Roman1"/></style:style>
<style:style style:name="T74" style:family="text"><style:text-properties fo:background-color="#3fff00" fo:foreground-color="#000000" style:font-name-complex="Times New Roman1"/></style:style>
<style:style style:name="T75" style:family="text"><style:text-properties fo:background-color="#7fff00" fo:foreground-color="#000000" style:font-name-complex="Times New Roman1"/></style:style>
<style:style style:name="T76" style:family="text"><style:text-properties fo:background-color="#7fff00" fo:foreground-color="#000000" style:font-name-complex="Times New Roman1"/></style:style>
<style:style style:name="T77" style:family="text"><style:text-properties fo:background-color="#7fff00" fo:foreground-color="#000000" style:font-name-complex="Times New Roman1"/></style:style>
<style:style style:name="T78" style:family="text"><style:text-properties fo:background-color="#7fff00" fo:foreground-color="#000000" style:font-name-complex="Times New Roman1"/></style:style>
<style:style style:name="T79" style:family="text"><style:text-properties fo:background-color="#7fff00" fo:foreground-color="#000000" style:font-name-complex="Times New Roman1"/></style:style>
<style:style style:name="T80" style:family="text"><style:text-properties fo:background-color="#7fff00" fo:foreground-color="#000000" style:font-name-complex="Times New Roman1"/></style:style>
<style:style style:name="T81" style:family="text"><style:text-properties fo:background-color="#7fff00" fo:foreground-color="#000000" style:font-name-complex="Times New Roman1"/></style:style>
<style:style style:name="T82" style:family="text"><style:text-properties fo:background-color="#7fff00" fo:foreground-color="#000000" style:font-name-complex="Times New Roman1"/></style:style>
<style:style style:name="T83" style:family="text"><style:text-properties fo:background-color="#7fff00" fo:foreground-color="#000000" style:font-name-complex="Times New Roman1"/></style:style>
<style:style style:name="T84" style:family="text"><style:text-properties fo:background-color="#7fff00" fo:foreground-color="#000000" style:font-name-complex="Times New Roman1"/></style:style>
<style:style style:name="T85" style:family="text"><style:text-properties fo:background-color="#7fff00" fo:foreground-color="#000000" style:font-name-complex="Times New Roman1"/></style:style>
<style:style style:name="T86" style:family="text"><style:text-properties fo:background-color="#bfff00" fo:foreground-color="#000000" style:font-name-complex="Times New Roman1"/></style:style>
<style:style style:name="T87" style:family="text"><style:text-properties fo:background-color="#bfff00" fo:foreground-color="#000000" style:font-name-complex="Times New Roman1"/></style:style>
<style:style style:name="T88" style:family="text"><style:text-properties fo:background-color="#bfff00" fo:foreground-color="#000000" style:font-name-complex="Times New Roman1"/></style:style>
<style:style style:name="T89" style:family="text"><style:text-properties fo:background-color="#bfff00" fo:foreground-color="#000000" style:font-name-complex="Times New Roman1"/></style:style>
<style:style style:name="T90" style:family="text"><style:text-properties fo:background-color="#bfff00" fo:foreground-color="#000000" style:font-name-complex="Times New Roman1"/></style:style>
<style:style style:name="T91" style:family="text"><style:text-properties fo:background-color="#bfff00" fo:foreground-color="#000000" style:font-name-complex="Times New Roman1"/></style:style>
<style:style style:name="T92" style:family="text"><style:text-properties fo:background-color="#bfff00" fo:foreground-color="#000000" style:font-name-complex="Times New Roman1"/></style:style>
<style:style style:name="T93" style:family="text"><style:text-properties fo:background-color="#bfff00" fo:foreground-color="#000000" style:font-name-complex="Times New Roman1"/></style:style>
<style:style style:name="T94" style:family="text"><style:text-properties fo:background-color="#bfff00" fo:foreground-color="#000000" style:font-name-complex="Times New Roman1"/></style:style>
<style:style style:name="T95" style:family="text"><style:text-properties fo:background-color="#bfff00" fo:foreground-color="#000000" style:font-name-complex="Times New Roman1"/></style:style>
<style:style style:name="T96" style:family="text"><style:text-properties fo:background-color="#ffff00" fo:foreground-color="#000000" style:font-name-complex="Times New Roman1"/></style:style>
<style:style style:name="T97" style:family="text"><style:text-properties fo:background-color="#ffff00" fo:foreground-color="#000000" style:font-name-complex="Times New Roman1"/></style:style>
<style:style style:name="T98" style:family="text"><style:text-properties fo:background-color="#ffff00" fo:foreground-color="#000000" style:font-name-complex="Times New Roman1"/></style:style>
<style:style style:name="T99" style:family="text"><style:text-properties fo:background-color="#ffff00" fo:foreground-color="#000000" style:font-name-complex="Times New Roman1"/></style:style>
<style:style style:name="T100" style:family="text"><style:text-properties fo:background-color="#ffff00" fo:foreground-color="#000000" style:font-name-complex="Times New Roman1"/></style:style>
<style:style style:name="T101" style:family="text"><style:text-properties fo:background-color="#ffff00" fo:foreground-color="#000000" style:font-name-complex="Times New Roman1"/></style:style>
<style:style style:name="T102" style:family="text"><style:text-properties fo:background-color="#ffff00" fo:foreground-color="#000000" style:font-name-complex="Times New Roman1"/></style:style>
<style:style style:name="T103" style:family="text"><style:text-properties fo:background-color="#ffff00" fo:foreground-color="#000000" style:font-name-complex="Times New Roman1"/></style:style>
<style:style style:name="T104" style:family="text"><style:text-properties fo:background-color="#ffff00" fo:foreground-color="#000000" style:font-name-complex="Times New Roman1"/></style:style>
<style:style style:name="T105" style:family="text"><style:text-properties fo:background-color="#ffff00" fo:foreground-color="#000000" style:font-name-complex="Times New Roman1"/></style:style>
<style:style style:name="T106" style:family="text"><style:text-properties fo:background-color="#ffff00" fo:foreground-color="#000000" style:font-name-complex="Times New Roman1"/></style:style>
<style:style style:name="T107" style:family="text"><style:text-properties fo:background-color="#ffbf00" fo:foreground-color="#000000" style:font-name-complex="Times New Roman1"/></style:style>
<style:style style:name="T108" style:family="text"><style:text-properties fo:background-color="#ffbf00" fo:foreground-color="#000000" style:font-name-complex="Times New Roman1"/></style:style>
<style:style style:name="T109" style:family="text"><style:text-properties fo:background-color="#ffbf00" fo:foreground-color="#000000" style:font-name-complex="Times New Roman1"/></style:style>
<style:style style:name="T110" style:family="text"><style:text-properties fo:background-color="#ffbf00" fo:foreground-color="#000000" style:font-name-complex="Times New Roman1"/></style:style>
<style:style style:name="T111" style:family="text"><style:text-properties fo:background-color="#ffbf00" fo:foreground-color="#000000" style:font-name-complex="Times New Roman1"/></style:style>
<style:style style:name="T112" style:family="text"><style:text-properties fo:background-color="#ffbf00" fo:foreground-color="#000000" style:font-name-complex="Times New Roman1"/></style:style>
<style:style style:name="T113" style:family="text"><style:text-properties fo:background-color="#ffbf00" fo:foreground-color="#000000" style:font-name-complex="Times New Roman1"/></style:style>
<style:style style:name="T114" style:family="text"><style:text-properties fo:background-color="#ffbf00" fo:foreground-color="#000000" style:font-name-complex="Times New Roman1"/></style:style>
<style:style style:name="T115" style:family="text"><style:text-properties fo:background-color="#ffbf00" fo:foreground-color="#000000" style:font-name-complex="Times New Roman1"/></style:style>
<style:style style:name="T116" style:family="text"><style:text-properties fo:background-color="#ffbf00" fo:foreground-color="#000000" style:font-name-complex="Times New Roman1"/></style:style>
<style:style style:name="T117" style:family="text"><style:text-properties fo:background-color="#ffbf00" fo:foreground-color="#000000" style:font-name-complex="Times New Roman1"/></style:style>
<style:style style:name="T118" style:family="text"><style:text-properties fo:background-color="#ff7f00" fo:foreground-color="#000000" style:font-name-complex="Times New Roman1"/></style:style>
<style:style style:name="T119" style:family="text"><style:text-properties fo:background-color="#ff7f00" fo:foreground-color="#000000" style:font-name-complex="Times New Roman1"/></style:style>
<style:style style:name="T120" style:family="text"><style:text-properties fo:background-color="#ff7f00" fo:foreground-color="#000000" style:font-name-complex="Times New Roman1"/></style:style>
<style:style style:name="T121" style:family="text"><style:text-properties fo:background-color="#ff7f00" fo:foreground-color="#000000" style:font-name-complex="Times New Roman1"/></style:style>
<style:style style:name="T122" style:family="text"><style:text-properties fo:background-color="#ff7f00" fo:foreground-color="#000000" style:font-name-complex="Times New Roman1"/></style:style>
<style:style style:name="T123" style:family="text"><style:text-properties fo:background-color="#ff7f00" fo:foreground-color="#000000" style:font-name-complex="Times New Roman1"/></style:style>
<style:style style:name="T124" style:family="text"><style:text-properties fo:background-color="#ff7f00" fo:foreground-color="#000000" style:font-name-complex="Times New Roman1"/></style:style>
<style:style style:name="T125" style:family="text"><style:text-properties fo:background-color="#ff7f00" fo:foreground-color="#000000" style:font-name-complex="Times New Roman1"/></style:style>
<style:style style:name="T126" style:family="text"><style:text-properties fo:background-color="#ff7f00" fo:foreground-color="#000000" style:font-name-complex="Times New Roman1"/></style:style>
<style:style style:name="T127" style:family="text"><style:text-properties fo:background-color="#ff7f00" fo:foreground-color="#000000" style:font-name-complex="Times New Roman1"/></style:style>
<style:style style:name="T128" style:family="text"><style:text-properties fo:background-color="#ff3f00" fo:foreground-color="#000000" style:font-name-complex="Times New Roman1"/></style:style>
<style:style style:name="T129" style:family="text"><style:text-properties fo:background-color="#ff3f00" fo:foreground-color="#000000" style:font-name-complex="Times New Roman1"/></style:style>
<style:style style:name="T130" style:family="text"><style:text-properties fo:background-color="#ff3f00" fo:foreground-color="#000000" style:font-name-complex="Times New Roman1"/></style:style>
<style:style style:name="T131" style:family="text"><style:text-properties fo:background-color="#ff3f00" fo:foreground-color="#000000" style:font-name-complex="Times New Roman1"/></style:style>
<style:style style:name="T132" style:family="text"><style:text-properties fo:background-color="#ff3f00" fo:foreground-color="#000000" style:font-name-complex="Times New Roman1"/></style:style>
<style:style style:name="T133" style:family="text"><style:text-properties fo:background-color="#ff3f00" fo:foreground-color="#000000" style:font-name-complex="Times New Roman1"/></style:style>
<style:style style:name="T134" style:family="text"><style:text-properties fo:background-color="#ff3f00" fo:foreground-color="#000000" style:font-name-complex="Times New Roman1"/></style:style>
<style:style style:name="T135" style:family="text"><style:text-properties fo:background-color="#ff3f00" fo:foreground-color="#000000" style:font-name-complex="Times New Roman1"/></style:style>
<style:style style:name="T136" style:family="text"><style:text-properties fo:background-color="#ff3f00" fo:foreground-color="#000000" style:font-name-complex="Times New Roman1"/></style:style>
<style:style style:name="T137" style:family="text"><style:text-properties fo:background-color="#ff3f00" fo:foreground-color="#000000" style:font-name-complex="Times New Roman1"/></style:style>
<style:style style:name="T138" style:family="text"><style:text-properties fo:background-color="#ff3f00" fo:foreground-color="#000000" style:font-name-complex="Times New Roman1"/></style:style>
<style:style style:name="T139" style:family="text"><style:text-properties fo:background-color="#ff0000" fo:foreground-color="#000000" style:font-name-complex="Times New Roman1"/></style:style>
<style:style style:name="T140" style:family="text"><style:text-properties fo:background-color="#ff0000" fo:foreground-color="#000000" style:font-name-complex="Times New Roman1"/></style:style>
<style:style style:name="T141" style:family="text"><style:text-properties fo:background-color="#ff0000" fo:foreground-color="#000000" style:font-name-complex="Times New Roman1"/></style:style>
<style:style style:name="T142" style:family="text"><style:text-properties fo:background-color="#ff0000" fo:foreground-color="#000000" style:font-name-complex="Times New Roman1"/></style:style>
<style:style style:name="T143" style:family="text"><style:text-properties fo:background-color="#ff0000" fo:foreground-color="#000000" style:font-name-complex="Times New Roman1"/></style:style>
<style:style style:name="T144" style:family="text"><style:text-properties fo:background-color="#ff0000" fo:foreground-color="#000000" style:font-name-complex="Times New Roman1"/></style:style>
<style:style style:name="T145" style:family="text"><style:text-properties fo:background-color="#ff0000" fo:foreground-color="#000000" style:font-name-complex="Times New Roman1"/></style:style>
<style:style style:name="T146" style:family="text"><style:text-properties fo:background-color="#ff0000" fo:foreground-color="#000000" style:font-name-complex="Times New Roman1"/></style:style>
<style:style style:name="T147" style:family="text"><style:text-properties fo:background-color="#ff0000" fo:foreground-color="#000000" style:font-name-complex="Times New Roman1"/></style:style>
<style:style style:name="T148" style:family="text"><style:text-properties fo:background-color="#ff0000" fo:foreground-color="#000000" style:font-name-complex="Times New Roman1"/></style:style>
<style:style style:name="T149" style:family="text"><style:text-properties fo:background-color="#ff0000" fo:foreground-color="#000000" style:font-name-complex="Times New Roman1"/></style:style>
<style:style style:name="T150" style:family="text"><style:text-properties fo:background-color="#ff1f1f" fo:foreground-color="#000000" style:font-name-complex="Times New Roman1"/></style:style>
<style:style style:name="T151" style:family="text"><style:text-properties fo:background-color="#ff1f1f" fo:foreground-color="#000000" style:font-name-complex="Times New Roman1"/></style:style>
<style:style style:name="T152" style:family="text"><style:text-properties fo:background-color="#ff1f1f" fo:foreground-color="#000000" style:font-name-complex="Times New Roman1"/></style:style>
<style:style style:name="T153" style:family="text"><style:text-properties fo:background-color="#ff1f1f" fo:foreground-color="#000000" style:font-name-complex="Times New Roman1"/></style:style>
<style:style style:name="T154" style:family="text"><style:text-properties fo:background-color="#ff1f1f" fo:foreground-color="#000000" style:font-name-complex="Times New Roman1"/></style:style>
<style:style style:name="T155" style:family="text"><style:text-properties fo:background-color="#ff1f1f" fo:foreground-color="#000000" style:font-name-complex="Times New Roman1"/></style:style>
<style:style style:name="T156" style:family="text"><style:text-properties fo:background-color="#ff1f1f" fo:foreground-color="#000000" style:font-name-complex="Times New Roman1"/></style:style>
<style:style style:name="T157" style:family="text"><style:text-properties fo:background-color="#ff1f1f" fo:foreground-color="#000000" style:font-name-complex="Times New Roman1"/></style:style>
<style:style style:name="T158" style:family="text"><style:text-properties fo:background-color="#ff1f1f" fo:foreground-color="#000000" style:font-name-complex="Times New Roman1"/></style:style>
<style:style style:name="T159" style:family="text"><style:text-properties fo:background-color="#ff1f1f" fo:foreground-color="#000000" style:font-name-complex="Times New Roman1"/></style:style>
<style:style style:name="T160" style:family="text"><style:text-properties fo:background-color="#ff3f3f" fo:foreground-color="#000000" style:font-name-complex="Times New Roman1"/></style:style>
<style:style style:name="T161" style:family="text"><style:text-properties fo:background-color="#ff3f3f" fo:foreground-color="#000000" style:font-name-complex="Times New Roman1"/></style:style>
<style:style style:name="T162" style:family="text"><style:text-properties fo:background-color="#ff3f3f" fo:foreground-color="#000000" style:font-name-complex="Times New Roman1"/></style:style>
<style:style style:name="T163" style:family="text"><style:text-properties fo:background-color="#ff3f3f" fo:foreground-color="#000000" style:font-name-complex="Times New Roman1"/></style:style>
<style:style style:name="T164" style:family="text"><style:text-properties fo:background-color="#ff3f3f" fo:foreground-color="#000000" style:font-name-complex="Times New Roman1"/></style:style>
<style:style style:name="T165" style:family="text"><style:text-properties fo:background-color="#ff3f3f" fo:foreground-color="#000000" style:font-name-complex="Times New Roman1"/></style:style>
<style:style style:name="T166" style:family="text"><style:text-properties fo:background-color="#ff3f3f" fo:foreground-color="#000000" style:font-name-complex="Times New Roman1"/></style:style>
<style:style style:name="T167" style:family="text"><style:text-properties fo:background-color="#ff3f3f" fo:foreground-color="#000000" style:font-name-complex="Times New Roman1"/></style:style>
<style:style style:name="T168" style:family="text"><style:text-properties fo:background-color="#ff3f3f" fo:foreground-color="#000000" style:font-name-complex="Times New Roman1"/></style:style>
<style:style style:name="T169" style:family="text"><style:text-properties fo:background-color="#ff3f3f" fo:foreground-color="#000000" style:font-name-complex="Times New Roman1"/></style:style>
<style:style style:name="T170" style:family="text"><style:text-properties fo:background-color="#ff3f3f" fo:foreground-color="#000000" style:font-name-complex="Times New Roman1"/></style:style>
<style:style style:name="T171" style:family="text"><style:text-properties fo:background-color="#ff5f5f" fo:foreground-color="#000000" style:font-name-complex="Times New Roman1"/></style:style>
<style:style style:name="T172" style:family="text"><style:text-properties fo:background-color="#ff5f5f" fo:foreground-color="#000000" style:font-name-complex="Times New Roman1"/></style:style>
<style:style style:name="T173" style:family="text"><style:text-properties fo:background-color="#ff5f5f" fo:foreground-color="#000000" style:font-name-complex="Times New Roman1"/></style:style>
<style:style style:name="T174" style:family="text"><style:text-properties fo:background-color="#ff5f5f" fo:foreground-color="#000000" style:font-name-complex="Times New Roman1"/></style:style>
<style:style style:name="T175" style:family="text"><style:text-properties fo:background-color="#ff5f5f" fo:foreground-color="#000000" style:font-name-complex="Times New Roman1"/></style:style>
<style:style style:name="T176" style:family="text"><style:text-properties fo:background-color="#ff5f5f" fo:foreground-color="#000000" style:font-name-complex="Times New Roman1"/></style:style>
<style:style style:name="T177" style:family="text"><style:text-properties fo:background-color="#ff5f5f" fo:foreground-color="#000000" style:font-name-complex="Times New Roman1"/></style:style>
<style:style style:name="T178" style:family="text"><style:text-properties fo:background-color="#ff5f5f" fo:foreground-color="#000000" style:font-name-complex="Times New Roman1"/></style:style>
<style:style style:name="T179" style:family="text"><style:text-properties fo:background-color="#ff5f5f" fo:foreground-color="#000000" style:font-name-complex="Times New Roman1"/></style:style>
<style:style style:name="T180" style:family="text"><style:text-properties fo:background-color="#ff5f5f" fo:foreground-color="#000000" style:font-name-complex="Times New Roman1"/></style:style>
<style:style style:name="T181" style:family="text"><style:text-properties fo:background-color="#ff5f5f" fo:foreground-color="#000000" style:font-name-complex="Times New Roman1"/></style:style>
<style:style style:name="T182" style:family="text"><style:text-properties fo:background-color="#ff7f7f" fo:foreground-color="#000000" style:font-name-complex="Times New Roman1"/></style:style>
<style:style style:name="T183" style:family="text"><style:text-properties fo:background-color="#ff7f7f" fo:foreground-color="#000000" style:font-name-complex="Times New Roman1"/></style:style>
<style:style style:name="T184" style:family="text"><style:text-properties fo:background-color="#ff7f7f" fo:foreground-color="#000000" style:font-name-complex="Times New Roman1"/></style:style>
<style:style style:name="T185" style:family="text"><style:text-properties fo:background-color="#ff7f7f" fo:foreground-color="#000000" style:font-name-complex="Times New Roman1"/></style:style>
<style:style style:name="T186" style:family="text"><style:text-properties fo:background-color="#ff7f7f" fo:foreground-color="#000000" style:font-name-complex="Times New Roman1"/></style:style>
<style:style style:name="T187" style:family="text"><style:text-properties fo:background-color="#ff7f7f" fo:foreground-color="#000000" style:font-name-complex="Times New Roman1"/></style:style>
<style:style style:name="T188" style:family="text"><style:text-properties fo:background-color="#ff7f7f" fo:foreground-color="#000000" style:font-name-complex="Times New Roman1"/></style:style>
<style:style style:name="T189" style:family="text"><style:text-properties fo:background-color="#ff7f7f" fo:foreground-color="#000000" style:font-name-complex="Times New Roman1"/></style:style>
<style:style style:name="T190" style:family="text"><style:text-properties fo:background-color="#ff7f7f" fo:foreground-color="#000000" style:font-name-complex="Times New Roman1"/></style:style>
<style:style style:name="T191" style:family="text"><style:text-properties fo:background-color="#ff7f7f" fo:foreground-color="#000000" style:font-name-complex="Times New Roman1"/></style:style>
<style:style style:name="T192" style:family="text"><style:text-properties fo:background-color="#ff9f9f" fo:foreground-color="#000000" style:font-name-complex="Times New Roman1"/></style:style>
<style:style style:name="T193" style:family="text"><style:text-properties fo:background-color="#ff9f9f" fo:foreground-color="#000000" style:font-name-complex="Times New Roman1"/></style:style>
<style:style style:name="T194" style:family="text"><style:text-properties fo:background-color="#ff9f9f" fo:foreground-color="#000000" style:font-name-complex="Times New Roman1"/></style:style>
<style:style style:name="T195" style:family="text"><style:text-properties fo:background-color="#ff9f9f" fo:foreground-color="#000000" style:font-name-complex="Times New Roman1"/></style:style>
<style:style style:name="T196" style:family="text"><style:text-properties fo:background-color="#ff9f9f" fo:foreground-color="#000000" style:font-name-complex="Times New Roman1"/></style:style>
<style:style style:name="T197" style:family="text"><style:text-properties fo:background-color="#ff9f9f" fo:foreground-color="#000000" style:font-name-complex="Times New Roman1"/></style:style>
<style:style style:name="T198" style:family="text"><style:text-properties fo:background-color="#ff9f9f" fo:foreground-color="#000000" style:font-name-complex="Times New Roman1"/></style:style>
<style:style style:name="T199" style:family="text"><style:text-properties fo:background-color="#ff9f9f" fo:foreground-color="#000000" style:font-name-complex="Times New Roman1"/></style:style>
<style:style style:name="T200" style:family="text"><style:text-properties fo:background-color="#ff9f9f" fo:foreground-color="#000000" style:font-name-complex="Times New Roman1"/></style:style>
<style:style style:name="T201" style:family="text"><style:text-properties fo:background-color="#ff9f9f" fo:foreground-color="#000000" style:font-name-complex="Times New Roman1"/></style:style>
<style:style style:name="T202" style:family="text"><style:text-properties fo:background-color="#ff9f9f" fo:foreground-color="#000000" style:font-name-complex="Times New Roman1"/></style:style>
<style:style style:name="T203" style:family="text"><style:text-properties fo:background-color="#ffbfbf" fo:foreground-color="#000000" style:font-name-complex="Times New Roman1"/></style:style>
<style:style style:name="T204" style:family="text"><style:text-properties fo:background-color="#ffbfbf" fo:foreground-color="#000000" style:font-name-complex="Times New Roman1"/></style:style>
<style:style style:name="T205" style:family="text"><style:text-properties fo:background-color="#ffbfbf" fo:foreground-color="#000000" style:font-name-complex="Times New Roman1"/></style:style>
<style:style style:name="T206" style:family="text"><style:text-properties fo:background-color="#ffbfbf" fo:foreground-color="#000000" style:font-name-complex="Times New Roman1"/></style:style>
<style:style style:name="T207" style:family="text"><style:text-properties fo:background-color="#ffbfbf" fo:foreground-color="#000000" style:font-name-complex="Times New Roman1"/></style:style>
<style:style style:name="T208" style:family="text"><style:text-properties fo:background-color="#ffbfbf" fo:foreground-color="#000000" style:font-name-complex="Times New Roman1"/></style:style>
<style:style style:name="T209" style:family="text"><style:text-properties fo:background-color="#ffbfbf" fo:foreground-color="#000000" style:font-name-complex="Times New Roman1"/></style:style>
<style:style style:name="T210" style:family="text"><style:text-properties fo:background-color="#ffbfbf" fo:foreground-color="#000000" style:font-name-complex="Times New Roman1"/></style:style>
<style:style style:name="T211" style:family="text"><style:text-properties fo:background-color="#ffbfbf" fo:foreground-color="#000000" style:font-name-complex="Times New Roman1"/></style:style>
<style:style style:name="T212" style:family="text"><style:text-properties fo:background-color="#ffbfbf" fo:foreground-color="#000000" style:font-name-complex="Times New Roman1"/></style:style>
<style:style style:name="T213" style:family="text"><style:text-properties fo:background-color="#ffbfbf" fo:foreground-color="#000000" style:font-name-complex="Times New Roman1"/></style:style>
<style:style style:name="T214" style:family="text"><style:text-properties fo:background-color="#ffdfdf" fo:foreground-color="#000000" style:font-name-complex="Times New Roman1"/></style:style>
<style:style style:name="T215" style:family="text"><style:text-properties fo:background-color="#ffdfdf" fo:foreground-color="#000000" style:font-name-complex="Times New Roman1"/></style:style>
<style:style style:name="T216" style:family="text"><style:text-properties fo:background-color="#ffdfdf" fo:foreground-color="#000000" style:font-name-complex="Times New Roman1"/></style:style>
<style:style style:name="T217" style:family="text"><style:text-properties fo:background-color="#ffdfdf" fo:foreground-color="#000000" style:font-name-complex="Times New Roman1"/></style:style>
<style:style style:name="T218" style:family="text"><style:text-properties fo:background-color="#ffdfdf" fo:foreground-color="#000000" style:font-name-complex="Times New Roman1"/></style:style>
<style:style style:name="T219" style:family="text"><style:text-properties fo:background-color="#ffdfdf" fo:foreground-color="#000000" style:font-name-complex="Times New Roman1"/></style:style>
<style:style style:name="T220" style:family="text"><style:text-properties fo:background-color="#ffdfdf" fo:foreground-color="#000000" style:font-name-complex="Times New Roman1"/></style:style>
<style:style style:name="T221" style:family="text"><style:text-properties fo:background-color="#ffdfdf" fo:foreground-color="#000000" style:font-name-complex="Times New Roman1"/></style:style>
<style:style style:name="T222" style:family="text"><style:text-properties fo:background-color="#ffdfdf" fo:foreground-color="#000000" style:font-name-complex="Times New Roman1"/></style:style>
<style:style style:name="T223" style:family="text"><style:text-properties fo:background-color="#ffdfdf" fo:foreground-color="#000000" style:font-name-complex="Times New Roman1"/></style:style>
<style:style style:name="T224" style:family="text"><style:text-properties fo:background-color="#ffffff" fo:foreground-color="#000000" style:font-name-complex="Times New Roman1"/></style:style>
<style:style style:name="T225" style:family="text"><style:text-properties fo:background-color="#ffffff" fo:foreground-color="#000000" style:font-name-complex="Times New Roman1"/></style:style>
<style:style style:name="T226" style:family="text"><style:text-properties fo:background-color="#ffffff" fo:foreground-color="#000000" style:font-name-complex="Times New Roman1"/></style:style>
<style:style style:name="T227" style:family="text"><style:text-properties fo:background-color="#ffffff" fo:foreground-color="#000000" style:font-name-complex="Times New Roman1"/></style:style>
<style:style style:name="T228" style:family="text"><style:text-properties fo:background-color="#ffffff" fo:foreground-color="#000000" style:font-name-complex="Times New Roman1"/></style:style>
<style:style style:name="T229" style:family="text"><style:text-properties fo:background-color="#ffffff" fo:foreground-color="#000000" style:font-name-complex="Times New Roman1"/></style:style>
<style:style style:name="T230" style:family="text"><style:text-properties fo:background-color="#ffffff" fo:foreground-color="#000000" style:font-name-complex="Times New Roman1"/></style:style>
<style:style style:name="T231" style:family="text"><style:text-properties fo:background-color="#ffffff" fo:foreground-color="#000000" style:font-name-complex="Times New Roman1"/></style:style>
<style:style style:name="T232" style:family="text"><style:text-properties fo:background-color="#ffffff" fo:foreground-color="#000000" style:font-name-complex="Times New Roman1"/></style:style>
<style:style style:name="T233" style:family="text"><style:text-properties fo:background-color="#ffffff" fo:foreground-color="#000000" style:font-name-complex="Times New Roman1"/></style:style>
<style:style style:name="T234" style:family="text"><style:text-properties fo:background-color="#ffffff" fo:foreground-color="#000000" style:font-name-complex="Times New Roman1"/></style:style>
<style:style style:name="T235" style:family="text"><style:text-properties fo:background-color="#ffffff" fo:foreground-color="#000000" style:font-name-complex="Times New Roman1"/></style:style>
<style:style style:name="T236" style:family="text"><style:text-properties fo:background-color="#ffffff" fo:foreground-color="#000000" style:font-name-complex="Times New Roman1"/></style:style>
<style:style style:name="T237" style:family="text"><style:text-properties fo:background-color="#ffffff" fo:foreground-color="#000000" style:font-name-complex="Times New Roman1"/></style:style>
<style:style style:name="T238" style:family="text"><style:text-properties fo:background-color="#ffffff" fo:foreground-color="#000000" style:font-name-complex="Times New Roman1"/></style:style>
<style:style style:name="T239" style:family="text"><style:text-properties fo:background-color="#ffffff" fo:foreground-color="#000000" style:font-name-complex="Times New Roman1"/></style:style>
<style:style style:name="T240" style:family="text"><style:text-properties fo:background-color="#ffffff" fo:foreground-color="#000000" style:font-name-complex="Times New Roman1"/></style:style>
<style:style style:name="T241" style:family="text"><style:text-properties fo:background-color="#ffffff" fo:foreground-color="#000000" style:font-name-complex="Times New Roman1"/></style:style>
<style:style style:name="T242" style:family="text"><style:text-properties fo:background-color="#ffffff" fo:foreground-color="#000000" style:font-name-complex="Times New Roman1"/></style:style>
<style:style style:name="T243" style:family="text"><style:text-properties fo:background-color="#ffffff" fo:foreground-color="#000000" style:font-name-complex="Times New Roman1"/></style:style>
<style:style style:name="T244" style:family="text"><style:text-properties fo:background-color="#ffffff" fo:foreground-color="#000000" style:font-name-complex="Times New Roman1"/></style:style>
<style:style style:name="T245" style:family="text"><style:text-properties fo:background-color="#ffffff" fo:foreground-color="#000000" style:font-name-complex="Times New Roman1"/></style:style>
<style:style style:name="T246" style:family="text"><style:text-properties fo:background-color="#ffffff" fo:foreground-color="#000000" style:font-name-complex="Times New Roman1"/></style:style>
<style:style style:name="T247" style:family="text"><style:text-properties fo:background-color="#ffffff" fo:foreground-color="#000000" style:font-name-complex="Times New Roman1"/></style:style>
<style:style style:name="T248" style:family="text"><style:text-properties fo:background-color="#ffffff" fo:foreground-color="#000000" style:font-name-complex="Times New Roman1"/></style:style>
<style:style style:name="T249" style:family="text"><style:text-properties fo:background-color="#ffffff" fo:foreground-color="#000000" style:font-name-complex="Times New Roman1"/></style:style>
<style:style style:name="T250" style:family="text"><style:text-properties fo:background-color="#ffffff" fo:foreground-color="#000000" style:font-name-complex="Times New Roman1"/></style:style>
<style:style style:name="T251" style:family="text"><style:text-properties fo:background-color="#ffffff" fo:foreground-color="#000000" style:font-name-complex="Times New Roman1"/></style:style>
<style:style style:name="T252" style:family="text"><style:text-properties fo:background-color="#ffffff" fo:foreground-color="#000000" style:font-name-complex="Times New Roman1"/></style:style>
<style:style style:name="T253" style:family="text"><style:text-properties fo:background-color="#ffffff" fo:foreground-color="#000000" style:font-name-complex="Times New Roman1"/></style:style>
<style:style style:name="T254" style:family="text"><style:text-properties fo:background-color="#ffffff" fo:foreground-color="#000000" style:font-name-complex="Times New Roman1"/></style:style>
<style:style style:name="T255" style:family="text"><style:text-properties fo:background-color="#ffffff" fo:foreground-color="#000000" style:font-name-complex="Times New Roman1"/></style:style>
</office:automatic-styles><office:body><office:text><text:sequence-decls><text:sequence-decl text:display-outline-level="0" text:name="Illustration"/><text:sequence-decl text:display-outline-level="0" text:name="Table"/><text:sequence-decl text:display-outline-level="0" text:name="Text"/><text:sequence-decl text:display-outline-level="0" text:name="Drawing"/></text:sequence-decls>
<text:p text:style-name="Standard">Legend: <text:tab/><text:span text:style-name="T0"> 0 </text:span><text:span text:style-name="T10"> 1 </text:span><text:span text:style-name="T21"> 2 </text:span><text:span text:style-name="T32"> 3 </text:span><text:span text:style-name="T42"> 4 </text:span><text:span text:style-name="T53"> 5 </text:span><text:span text:style-name="T64"> 6 </text:span><text:span text:style-name="T74"> 7 </text:span><text:span text:style-name="T85"> 8 </text:span><text:span text:style-name="T96"> 9 </text:span><text:span text:style-name="T106"> 10 </text:span><text:span text:style-name="T117"> 11 </text:span><text:span text:style-name="T128"> 12 </text:span><text:span text:style-name="T138"> 13 </text:span><text:span text:style-name="T149"> 14 </text:span><text:span text:style-name="T160"> 15 </text:span><text:span text:style-name="T170"> 16 </text:span><text:span text:style-name="T181"> 17 </text:span><text:span text:style-name="T192"> 18 </text:span><text:span text:style-name="T202"> 19 </text:span><text:span text:style-name="T213"> 20 </text:span><text:span text:style-name="T224"> 21 </text:span><text:span text:style-name="T234"> 22 </text:span><text:span text:style-name="T245"> 23 </text:span><text:span text:style-name="T256"> 24 </text:span>bits</text:p>
<text:p/>
<text:p text:style-name="Standard">45.8%<text:tab/><text:span text:style-name="T41">A</text:span><text:span text:style-name="T30"> </text:span><text:span text:style-name="T48">l</text:span><text:span text:style-name="T17">a</text:span><text:span text:style-name="T40">s</text:span><text:span text:style-name="T36">t</text:span><text:span text:style-name="T22"> </text:span><text:span text:style-name="T45">m</text:span><text:span text:style-name="T34">i</text:span><text:span text:style-name="T21">n</text:span><text:span text:style-name="T72">u</text:span><text:span text:style-name="T34">t</text:span><text:span text:style-name="T40">e</text:span><text:span text:style-name="T24"> </text:span><text:span text:style-name="T40">a</text:span><text:span text:style-name="T45">d</text:span><text:span text:style-name="T57">d</text:span><text:span text:style-name="T26">i</text:span><text:span text:style-name="T47">t</text:span><text:span text:style-name="T45">i</text:span><text:span text:style-name="T31">o</text:span><text:span text:style-name="T10">n</text:span><text:span text:style-name="T21"> </text:span><text:span text:style-name="T59">f</text:span><text:span text:style-name="T32">r</text:span><text:span text:style-name="T19">o</text:span><text:span text:style-name="T34">m</text:span><text:span text:style-name="T26"> </text:span><text:span text:style-name="T37">A</text:span><text:span text:style-name="T45">d</text:span><text:span text:style-name="T33">e</text:span><text:span text:style-name="T43">l</text:span><text:span text:style-name="T30">a</text:span><text:span text:style-name="T55">i</text:span><text:span text:style-name="T48">d</text:span><text:span text:style-name="T26">e</text:span><text:span text:style-name="T16"> </text:span><text:span text:style-name="T49">C</text:span><text:span text:style-name="T95">y</text:span><text:span text:style-name="T40">c</text:span><text:span text:style-name="T63">l</text:span><text:span text:style-name="T35">i</text:span><text:span text:style-name="T40">s</text:span><text:span text:style-name="T30">t</text:span><text:span text:style-name="T68">s</text:span><text:span text:style-name="T53">.</text:span><text:span text:style-name="T13"> </text:span><text:span text:style-name="T58">W</text:span><text:span text:style-name="T21">a</text:span><text:span text:style-name="T36">r</text:span><text:span text:style-name="T62">m</text:span><text:span text:style-name="T39"> </text:span><text:span text:style-name="T59">w</text:span><text:span text:style-name="T24">i</text:span><text:span text:style-name="T30">n</text:span><text:span text:style-name="T45">t</text:span><text:span text:style-name="T27">e</text:span><text:span text:style-name="T20">r</text:span><text:span text:style-name="T22"> </text:span><text:span text:style-name="T65">j</text:span><text:span text:style-name="T29">e</text:span><text:span text:style-name="T39">r</text:span><text:span text:style-name="T38">s</text:span><text:span text:style-name="T33">e</text:span><text:span text:style-name="T72">y</text:span><text:span text:style-name="T49">s</text:span><text:span text:style-name="T14"> </text:span><text:span text:style-name="T37">a</text:span><text:span text:style-name="T44">r</text:span><text:span text:style-name="T36">e</text:span><text:span text:style-name="T21"> </text:span><text:span text:style-name="T53">n</text:span><text:span text:style-name="T19">o</text:span><text:span text:style-name="T28">w</text:span><text:span text:style-name="T14"> </text:span><text:span text:style-name="T43">a</text:span><text:span text:style-name="T71">v</text:span><text:span text:style-name="T34">a</text:span><text:span text:style-name="T41">i</text:span><text:span text:style-name="T37">l</text:span><text:span text:style-name="T28">a</text:span><text:span text:style-name="T68">b</text:span><text:span text:style-name="T35">l</text:span><text:span text:style-name="T15">e</text:span><text:span text:style-name="T24"> </text:span><text:span text:style-name="T38">t</text:span><text:span text:style-name="T22">o</text:span><text:span text:style-name="T12"> </text:span><text:span text:style-name="T46">p</text:span><text:span text:style-name="T30">r</text:span><text:span text:style-name="T19">e</text:span><text:span text:style-name="T99">-</text:span><text:span text:style-name="T74">o</text:span><text:span text:style-name="T37">r</text:span><text:span text:style-name="T46">d</text:span><text:span text:style-name="T29">e</text:span><text:span text:style-name="T35">r</text:span><text:span text:style-name="T63">.</text:span><text:span text:style-name="T14"> </text:span><text:span text:style-name="T48">T</text:span><text:span text:style-name="T17">h</text:span><text:span text:style-name="T12">e</text:span><text:span text:style-name="T49">y</text:span><text:span text:style-name="T15"> </text:span><text:span text:style-name="T40">a</text:span><text:span text:style-name="T44">r</text:span><text:span text:style-name="T36">e</text:span><text:span text:style-name="T21"> </text:span><text:span text:style-name="T38">t</text:span><text:span text:style-name="T17">h</text:span><text:span text:style-name="T12">e</text:span><text:span text:style-name="T15"> </text:span><text:span text:style-name="T42">s</text:span><text:span text:style-name="T27">a</text:span><text:span text:style-name="T34">m</text:span><text:span text:style-name="T32">e</text:span><text:span text:style-name="T20"> </text:span><text:span text:style-name="T46">d</text:span><text:span text:style-name="T18">e</text:span><text:span text:style-name="T39">s</text:span><text:span text:style-name="T44">i</text:span><text:span text:style-name="T47">g</text:span><text:span text:style-name="T40">n</text:span><text:span text:style-name="T16"> </text:span><text:span text:style-name="T40">a</text:span><text:span text:style-name="T48">s</text:span><text:span text:style-name="T18"> </text:span><text:span text:style-name="T39">t</text:span><text:span text:style-name="T17">h</text:span><text:span text:style-name="T12">e</text:span><text:span text:style-name="T15"> </text:span><text:span text:style-name="T42">s</text:span><text:span text:style-name="T38">u</text:span><text:span text:style-name="T44">m</text:span><text:span text:style-name="T47">m</text:span><text:span text:style-name="T25">e</text:span><text:span text:style-name="T41">r</text:span><text:span text:style-name="T22"> </text:span><text:span text:style-name="T67">v</text:span><text:span text:style-name="T22">e</text:span><text:span text:style-name="T18">r</text:span><text:span text:style-name="T38">s</text:span><text:span text:style-name="T43">i</text:span><text:span text:style-name="T50">o</text:span><text:span text:style-name="T10">n</text:span><text:span text:style-name="T21"> </text:span><text:span text:style-name="T45">b</text:span><text:span text:style-name="T31">u</text:span><text:span text:style-name="T23">t</text:span><text:span text:style-name="T14"> </text:span><text:span text:style-name="T46">w</text:span><text:span text:style-name="T24">i</text:span><text:span text:style-name="T13">t</text:span><text:span text:style-name="T34">h</text:span><text:span text:style-name="T33"> </text:span><text:span text:style-name="T41">A</text:span><text:span text:style-name="T45">d</text:span><text:span text:style-name="T33">e</text:span><text:span text:style-name="T43">l</text:span><text:span text:style-name="T30">a</text:span><text:span text:style-name="T55">i</text:span><text:span text:style-name="T48">d</text:span><text:span text:style-name="T26">e</text:span><text:span text:style-name="T16"> </text:span><text:span text:style-name="T49">C</text:span><text:span text:style-name="T95">y</text:span><text:span text:style-name="T40">c</text:span><text:span text:style-name="T63">l</text:span><text:span text:style-name="T35">i</text:span><text:span text:style-name="T40">s</text:span><text:span text:style-name="T30">t</text:span><text:span text:style-name="T68">s</text:span><text:span text:style-name="T12"> </text:span><text:span text:style-name="T43">d</text:span><text:span text:style-name="T29">o</text:span><text:span text:style-name="T51">w</text:span><text:span text:style-name="T34">n</text:span><text:span text:style-name="T13"> </text:span><text:span text:style-name="T38">t</text:span><text:span text:style-name="T17">h</text:span><text:span text:style-name="T12">e</text:span><text:span text:style-name="T15"> </text:span><text:span text:style-name="T42">s</text:span><text:span text:style-name="T60">l</text:span><text:span text:style-name="T16">e</text:span><text:span text:style-name="T44">e</text:span><text:span text:style-name="T89">v</text:span><text:span text:style-name="T7">e</text:span><text:span text:style-name="T70">.</text:span><text:span text:style-name="T14"> </text:span><text:span text:style-name="T48">M</text:span><text:span text:style-name="T18">a</text:span><text:span text:style-name="T51">d</text:span><text:span text:style-name="T33">e</text:span><text:span text:style-name="T16"> </text:span><text:span text:style-name="T50">f</text:span><text:span text:style-name="T32">r</text:span><text:span text:style-name="T19">o</text:span><text:span text:style-name="T34">m</text:span><text:span text:style-name="T26"> </text:span><text:span text:style-name="T59">w</text:span><text:span text:style-name="T21">a</text:span><text:span text:style-name="T36">r</text:span><text:span text:style-name="T62">m</text:span><text:span text:style-name="T39"> </text:span><text:span text:style-name="T56">l</text:span><text:span text:style-name="T27">i</text:span><text:span text:style-name="T55">g</text:span><text:span text:style-name="T13">h</text:span><text:span text:style-name="T9">t</text:span><text:span text:style-name="T42"> </text:span><text:span text:style-name="T60">R</text:span><text:span text:style-name="T38">o</text:span><text:span text:style-name="T42">u</text:span><text:span text:style-name="T77">b</text:span><text:span text:style-name="T30">a</text:span><text:span text:style-name="T48">i</text:span><text:span text:style-name="T84">x</text:span><text:span text:style-name="T22"> </text:span><text:span text:style-name="T51">f</text:span><text:span text:style-name="T59">l</text:span><text:span text:style-name="T29">e</text:span><text:span text:style-name="T44">e</text:span><text:span text:style-name="T77">c</text:span><text:span text:style-name="T29">e</text:span><text:span text:style-name="T19"> </text:span><text:span text:style-name="T38">t</text:span><text:span text:style-name="T17">h</text:span><text:span text:style-name="T12">e</text:span><text:span text:style-name="T49">y</text:span><text:span text:style-name="T15"> </text:span><text:span text:style-name="T46">i</text:span><text:span text:style-name="T17">n</text:span><text:span text:style-name="T62">c</text:span><text:span text:style-name="T58">l</text:span><text:span text:style-name="T31">u</text:span><text:span text:style-name="T54">d</text:span><text:span text:style-name="T34">e</text:span><text:span text:style-name="T16"> </text:span><text:span text:style-name="T38">t</text:span><text:span text:style-name="T17">h</text:span><text:span text:style-name="T65">r</text:span><text:span text:style-name="T36">e</text:span><text:span text:style-name="T46">e</text:span><text:span text:style-name="T31"> </text:span><text:span text:style-name="T58">r</text:span><text:span text:style-name="T10">e</text:span><text:span text:style-name="T33">a</text:span><text:span text:style-name="T28">r</text:span><text:span text:style-name="T29"> </text:span><text:span text:style-name="T50">p</text:span><text:span text:style-name="T32">o</text:span><text:span text:style-name="T58">c</text:span><text:span text:style-name="T25">k</text:span><text:span text:style-name="T34">e</text:span><text:span text:style-name="T39">t</text:span><text:span text:style-name="T45">s</text:span><text:span text:style-name="T12"> </text:span><text:span text:style-name="T37">a</text:span><text:span text:style-name="T28">n</text:span><text:span text:style-name="T31">d</text:span><text:span text:style-name="T18"> </text:span><text:span text:style-name="T38">a</text:span><text:span text:style-name="T27"> </text:span><text:span text:style-name="T48">l</text:span><text:span text:style-name="T22">o</text:span><text:span text:style-name="T44">n</text:span><text:span text:style-name="T35">g</text:span><text:span text:style-name="T11"> </text:span><text:span text:style-name="T106">z</text:span><text:span text:style-name="T25">i</text:span><text:span text:style-name="T74">p</text:span><text:span text:style-name="T63">.</text:span><text:span text:style-name="T23"> </text:span><text:span text:style-name="T66">O</text:span><text:span text:style-name="T37">r</text:span><text:span text:style-name="T46">d</text:span><text:span text:style-name="T29">e</text:span><text:span text:style-name="T35">r</text:span><text:span text:style-name="T22"> </text:span><text:span text:style-name="T39">t</text:span><text:span text:style-name="T22">o</text:span><text:span text:style-name="T12"> </text:span><text:span text:style-name="T53">g</text:span><text:span text:style-name="T31">u</text:span><text:span text:style-name="T32">a</text:span><text:span text:style-name="T31">r</text:span><text:span text:style-name="T29">a</text:span><text:span text:style-name="T27">n</text:span><text:span text:style-name="T40">t</text:span><text:span text:style-name="T27">e</text:span><text:span text:style-name="T58">e</text:span><text:span text:style-name="T31"> </text:span><text:span text:style-name="T53">y</text:span><text:span text:style-name="T12">o</text:span><text:span text:style-name="T6">u</text:span><text:span text:style-name="T27">r</text:span><text:span text:style-name="T42">s</text:span><text:span text:style-name="T18"> </text:span><text:span text:style-name="T50">b</text:span><text:span text:style-name="T31">u</text:span><text:span text:style-name="T23">t</text:span><text:span text:style-name="T14"> </text:span><text:span text:style-name="T35">t</text:span><text:span text:style-name="T17">h</text:span><text:span text:style-name="T12">e</text:span><text:span text:style-name="T28">r</text:span><text:span text:style-name="T37">e</text:span><text:span text:style-name="T21"> </text:span><text:span text:style-name="T51">w</text:span><text:span text:style-name="T24">i</text:span><text:span text:style-name="T28">l</text:span><text:span text:style-name="T20">l</text:span><text:span text:style-name="T20"> </text:span><text:span text:style-name="T44">b</text:span><text:span text:style-name="T18">e</text:span><text:span text:style-name="T28"> </text:span><text:span text:style-name="T42">s</text:span><text:span text:style-name="T30">o</text:span><text:span text:style-name="T30">m</text:span><text:span text:style-name="T18">e</text:span><text:span text:style-name="T20"> </text:span><text:span text:style-name="T40">a</text:span><text:span text:style-name="T71">v</text:span><text:span text:style-name="T34">a</text:span><text:span text:style-name="T41">i</text:span><text:span text:style-name="T37">l</text:span><text:span text:style-name="T28">a</text:span><text:span text:style-name="T68">b</text:span><text:span text:style-name="T35">l</text:span><text:span text:style-name="T15">e</text:span><text:span text:style-name="T24"> </text:span><text:span text:style-name="T46">d</text:span><text:span text:style-name="T18">e</text:span><text:span text:style-name="T62">p</text:span><text:span text:style-name="T34">e</text:span><text:span text:style-name="T29">n</text:span><text:span text:style-name="T35">d</text:span><text:span text:style-name="T37">i</text:span><text:span text:style-name="T35">n</text:span><text:span text:style-name="T18">g</text:span><text:span text:style-name="T11"> </text:span><text:span text:style-name="T53">o</text:span><text:span text:style-name="T22">n</text:span><text:span text:style-name="T21"> </text:span><text:span text:style-name="T43">d</text:span><text:span text:style-name="T18">e</text:span><text:span text:style-name="T55">m</text:span><text:span text:style-name="T27">a</text:span><text:span text:style-name="T25">n</text:span><text:span text:style-name="T31">d</text:span><text:span text:style-name="T71">.</text:span><text:span text:style-name="T13"> </text:span><text:span text:style-name="T137">$</text:span><text:span text:style-name="T52">6</text:span><text:span text:style-name="T48">0</text:span></text:p>
<text:p text:style-name="Standard">nan%<text:tab/></text:p>
<text:p text:style-name="Standard">48.4%<text:tab/><text:span text:style-name="T41">A</text:span><text:span text:style-name="T42">l</text:span><text:span text:style-name="T57">s</text:span><text:span text:style-name="T39">o</text:span><text:span text:style-name="T24"> </text:span><text:span text:style-name="T43">a</text:span><text:span text:style-name="T71">v</text:span><text:span text:style-name="T34">a</text:span><text:span text:style-name="T41">i</text:span><text:span text:style-name="T37">l</text:span><text:span text:style-name="T28">a</text:span><text:span text:style-name="T68">b</text:span><text:span text:style-name="T35">l</text:span><text:span text:style-name="T15">e</text:span><text:span text:style-name="T24"> </text:span><text:span text:style-name="T40">a</text:span><text:span text:style-name="T44">r</text:span><text:span text:style-name="T36">e</text:span><text:span text:style-name="T21"> </text:span><text:span text:style-name="T42">s</text:span><text:span text:style-name="T30">o</text:span><text:span text:style-name="T30">m</text:span><text:span text:style-name="T18">e</text:span><text:span text:style-name="T20"> </text:span><text:span text:style-name="T42">S</text:span><text:span text:style-name="T55">m</text:span><text:span text:style-name="T22">a</text:span><text:span text:style-name="T39">r</text:span><text:span text:style-name="T39">t</text:span><text:span text:style-name="T86">w</text:span><text:span text:style-name="T36">o</text:span><text:span text:style-name="T38">o</text:span><text:span text:style-name="T43">l</text:span><text:span text:style-name="T37"> </text:span><text:span text:style-name="T44">b</text:span><text:span text:style-name="T47">r</text:span><text:span text:style-name="T21">a</text:span><text:span text:style-name="T27">n</text:span><text:span text:style-name="T31">d</text:span><text:span text:style-name="T18"> </text:span><text:span text:style-name="T43">m</text:span><text:span text:style-name="T20">e</text:span><text:span text:style-name="T41">r</text:span><text:span text:style-name="T42">i</text:span><text:span text:style-name="T32">n</text:span><text:span text:style-name="T62">o</text:span><text:span text:style-name="T21"> </text:span><text:span text:style-name="T47">c</text:span><text:span text:style-name="T95">y</text:span><text:span text:style-name="T40">c</text:span><text:span text:style-name="T63">l</text:span><text:span text:style-name="T35">i</text:span><text:span text:style-name="T28">n</text:span><text:span text:style-name="T18">g</text:span><text:span text:style-name="T11"> </text:span><text:span text:style-name="T41">s</text:span><text:span text:style-name="T30">o</text:span><text:span text:style-name="T60">c</text:span><text:span text:style-name="T25">k</text:span><text:span text:style-name="T45">s</text:span><text:span text:style-name="T15"> </text:span><text:span text:style-name="T47">i</text:span><text:span text:style-name="T17">n</text:span><text:span text:style-name="T25"> </text:span><text:span text:style-name="T43">d</text:span><text:span text:style-name="T28">a</text:span><text:span text:style-name="T41">r</text:span><text:span text:style-name="T54">k</text:span><text:span text:style-name="T21"> </text:span><text:span text:style-name="T40">a</text:span><text:span text:style-name="T28">n</text:span><text:span text:style-name="T31">d</text:span><text:span text:style-name="T18"> </text:span><text:span text:style-name="T54">l</text:span><text:span text:style-name="T27">i</text:span><text:span text:style-name="T55">g</text:span><text:span text:style-name="T13">h</text:span><text:span text:style-name="T9">t</text:span><text:span text:style-name="T75">.</text:span><text:span text:style-name="T49"> </text:span><text:span text:style-name="T58">N</text:span><text:span text:style-name="T19">o</text:span><text:span text:style-name="T30">t</text:span><text:span text:style-name="T19"> </text:span><text:span text:style-name="T50">o</text:span><text:span text:style-name="T22">n</text:span><text:span text:style-name="T60">l</text:span><text:span text:style-name="T18">y</text:span><text:span text:style-name="T8"> </text:span><text:span text:style-name="T40">a</text:span><text:span text:style-name="T44">r</text:span><text:span text:style-name="T36">e</text:span><text:span text:style-name="T21"> </text:span><text:span text:style-name="T45">m</text:span><text:span text:style-name="T20">e</text:span><text:span text:style-name="T41">r</text:span><text:span text:style-name="T42">i</text:span><text:span text:style-name="T32">n</text:span><text:span text:style-name="T62">o</text:span><text:span text:style-name="T21"> </text:span><text:span text:style-name="T40">s</text:span><text:span text:style-name="T30">o</text:span><text:span text:style-name="T60">c</text:span><text:span text:style-name="T25">k</text:span><text:span text:style-name="T45">s</text:span><text:span text:style-name="T15"> </text:span><text:span text:style-name="T57">g</text:span><text:span text:style-name="T40">r</text:span><text:span text:style-name="T23">e</text:span><text:span text:style-name="T33">a</text:span><text:span text:style-name="T35">t</text:span><text:span text:style-name="T17"> </text:span><text:span text:style-name="T54">f</text:span><text:span text:style-name="T14">o</text:span><text:span text:style-name="T9">r</text:span><text:span text:style-name="T20"> </text:span><text:span text:style-name="T56">w</text:span><text:span text:style-name="T24">i</text:span><text:span text:style-name="T30">n</text:span><text:span text:style-name="T45">t</text:span><text:span text:style-name="T27">e</text:span><text:span text:style-name="T20">r</text:span><text:span text:style-name="T72">,</text:span><text:span text:style-name="T2"> </text:span><text:span text:style-name="T40">t</text:span><text:span text:style-name="T17">h</text:span><text:span text:style-name="T12">e</text:span><text:span text:style-name="T49">y</text:span><text:span text:style-name="T15"> </text:span><text:span text:style-name="T40">a</text:span><text:span text:style-name="T38">l</text:span><text:span text:style-name="T57">s</text:span><text:span text:style-name="T39">o</text:span><text:span text:style-name="T24"> </text:span><text:span text:style-name="T48">h</text:span><text:span text:style-name="T36">e</text:span><text:span text:style-name="T47">l</text:span><text:span text:style-name="T63">p</text:span><text:span text:style-name="T21"> </text:span><text:span text:style-name="T46">m</text:span><text:span text:style-name="T18">a</text:span><text:span text:style-name="T50">i</text:span><text:span text:style-name="T21">n</text:span><text:span text:style-name="T45">t</text:span><text:span text:style-name="T27">a</text:span><text:span text:style-name="T56">i</text:span><text:span text:style-name="T21">n</text:span><text:span text:style-name="T25"> </text:span><text:span text:style-name="T101">'</text:span><text:span text:style-name="T63">f</text:span><text:span text:style-name="T25">o</text:span><text:span text:style-name="T51">o</text:span><text:span text:style-name="T51">t</text:span><text:span text:style-name="T19"> </text:span><text:span text:style-name="T54">f</text:span><text:span text:style-name="T32">r</text:span><text:span text:style-name="T26">e</text:span><text:span text:style-name="T35">s</text:span><text:span text:style-name="T66">h</text:span><text:span text:style-name="T86">n</text:span><text:span text:style-name="T39">e</text:span><text:span text:style-name="T30">s</text:span><text:span text:style-name="T35">s</text:span><text:span text:style-name="T107">'</text:span><text:span text:style-name="T40"> </text:span><text:span text:style-name="T48">i</text:span><text:span text:style-name="T17">n</text:span><text:span text:style-name="T25"> </text:span><text:span text:style-name="T59">w</text:span><text:span text:style-name="T21">a</text:span><text:span text:style-name="T36">r</text:span><text:span text:style-name="T62">m</text:span><text:span text:style-name="T29">e</text:span><text:span text:style-name="T41">r</text:span><text:span text:style-name="T22"> </text:span><text:span text:style-name="T56">w</text:span><text:span text:style-name="T28">e</text:span><text:span text:style-name="T49">a</text:span><text:span text:style-name="T35">t</text:span><text:span text:style-name="T53">h</text:span><text:span text:style-name="T12">e</text:span><text:span text:style-name="T28">r</text:span><text:span text:style-name="T63">.</text:span><text:span text:style-name="T14"> </text:span><text:span text:style-name="T50">A</text:span><text:span text:style-name="T27"> </text:span><text:span text:style-name="T52">g</text:span><text:span text:style-name="T40">r</text:span><text:span text:style-name="T23">e</text:span><text:span text:style-name="T33">a</text:span><text:span text:style-name="T35">t</text:span><text:span text:style-name="T17"> </text:span><text:span text:style-name="T41">a</text:span><text:span text:style-name="T38">l</text:span><text:span text:style-name="T28">l</text:span><text:span text:style-name="T20"> </text:span><text:span text:style-name="T44">s</text:span><text:span text:style-name="T23">e</text:span><text:span text:style-name="T57">a</text:span><text:span text:style-name="T35">s</text:span><text:span text:style-name="T59">o</text:span><text:span text:style-name="T25">n</text:span><text:span text:style-name="T21"> </text:span><text:span text:style-name="T41">s</text:span><text:span text:style-name="T30">o</text:span><text:span text:style-name="T60">c</text:span><text:span text:style-name="T25">k</text:span><text:span text:style-name="T12"> </text:span><text:span text:style-name="T40">a</text:span><text:span text:style-name="T42">t</text:span><text:span text:style-name="T17"> </text:span><text:span text:style-name="T48">h</text:span><text:span text:style-name="T22">a</text:span><text:span text:style-name="T54">l</text:span><text:span text:style-name="T70">f</text:span><text:span text:style-name="T19"> </text:span><text:span text:style-name="T29">t</text:span><text:span text:style-name="T17">h</text:span><text:span text:style-name="T12">e</text:span><text:span text:style-name="T15"> </text:span><text:span text:style-name="T58">R</text:span><text:span text:style-name="T109">R</text:span><text:span text:style-name="T111">P</text:span><text:span text:style-name="T39"> </text:span><text:span text:style-name="T52">o</text:span><text:span text:style-name="T23">f</text:span><text:span text:style-name="T8"> </text:span><text:span text:style-name="T129">$</text:span><text:span text:style-name="T52">2</text:span><text:span text:style-name="T48">8</text:span><text:span text:style-name="T64">.</text:span><text:span text:style-name="T45">9</text:span><text:span text:style-name="T42">5</text:span><text:span text:style-name="T22"> </text:span><text:span text:style-name="T71">-</text:span><text:span text:style-name="T8"> </text:span><text:span text:style-name="T65">j</text:span><text:span text:style-name="T19">u</text:span><text:span text:style-name="T14">s</text:span><text:span text:style-name="T21">t</text:span><text:span text:style-name="T22"> </text:span><text:span text:style-name="T111">$</text:span><text:span text:style-name="T52">1</text:span><text:span text:style-name="T48">4</text:span><text:span text:style-name="T64">.</text:span></text:p>
</office:text>
</office:body>
</office:document-content>
